Rpeaks,Participant,Sampling_Rate,Database
664,LUDB_01,500,LUDB
1344,LUDB_01,500,LUDB
2002,LUDB_01,500,LUDB
2645,LUDB_01,500,LUDB
3316,LUDB_01,500,LUDB
3971,LUDB_01,500,LUDB
569,LUDB_02,500,LUDB
1015,LUDB_02,500,LUDB
1459,LUDB_02,500,LUDB
1910,LUDB_02,500,LUDB
2369,LUDB_02,500,LUDB
2825,LUDB_02,500,LUDB
3284,LUDB_02,500,LUDB
3753,LUDB_02,500,LUDB
4218,LUDB_02,500,LUDB
635,LUDB_03,500,LUDB
1083,LUDB_03,500,LUDB
1529,LUDB_03,500,LUDB
1979,LUDB_03,500,LUDB
2427,LUDB_03,500,LUDB
2878,LUDB_03,500,LUDB
3327,LUDB_03,500,LUDB
3777,LUDB_03,500,LUDB
4234,LUDB_03,500,LUDB
536,LUDB_04,500,LUDB
1021,LUDB_04,500,LUDB
1510,LUDB_04,500,LUDB
2012,LUDB_04,500,LUDB
2512,LUDB_04,500,LUDB
3011,LUDB_04,500,LUDB
3494,LUDB_04,500,LUDB
3976,LUDB_04,500,LUDB
4461,LUDB_04,500,LUDB
999,LUDB_05,500,LUDB
1510,LUDB_05,500,LUDB
2023,LUDB_05,500,LUDB
2549,LUDB_05,500,LUDB
3078,LUDB_05,500,LUDB
3578,LUDB_05,500,LUDB
4084,LUDB_05,500,LUDB
759,LUDB_06,500,LUDB
1338,LUDB_06,500,LUDB
1937,LUDB_06,500,LUDB
2530,LUDB_06,500,LUDB
3126,LUDB_06,500,LUDB
3716,LUDB_06,500,LUDB
4294,LUDB_06,500,LUDB
980,LUDB_07,500,LUDB
1483,LUDB_07,500,LUDB
1778,LUDB_07,500,LUDB
2351,LUDB_07,500,LUDB
2857,LUDB_07,500,LUDB
3360,LUDB_07,500,LUDB
3863,LUDB_07,500,LUDB
4353,LUDB_07,500,LUDB
706,LUDB_08,500,LUDB
1123,LUDB_08,500,LUDB
1458,LUDB_08,500,LUDB
1862,LUDB_08,500,LUDB
2308,LUDB_08,500,LUDB
2760,LUDB_08,500,LUDB
3181,LUDB_08,500,LUDB
3603,LUDB_08,500,LUDB
4024,LUDB_08,500,LUDB
4448,LUDB_08,500,LUDB
740,LUDB_09,500,LUDB
1157,LUDB_09,500,LUDB
1570,LUDB_09,500,LUDB
1987,LUDB_09,500,LUDB
2413,LUDB_09,500,LUDB
2839,LUDB_09,500,LUDB
3260,LUDB_09,500,LUDB
3692,LUDB_09,500,LUDB
4133,LUDB_09,500,LUDB
701,LUDB_10,500,LUDB
1188,LUDB_10,500,LUDB
1669,LUDB_10,500,LUDB
2149,LUDB_10,500,LUDB
2644,LUDB_10,500,LUDB
3139,LUDB_10,500,LUDB
3631,LUDB_10,500,LUDB
4114,LUDB_10,500,LUDB
783,LUDB_11,500,LUDB
1292,LUDB_11,500,LUDB
1801,LUDB_11,500,LUDB
2303,LUDB_11,500,LUDB
2801,LUDB_11,500,LUDB
3293,LUDB_11,500,LUDB
3789,LUDB_11,500,LUDB
4282,LUDB_11,500,LUDB
785,LUDB_12,500,LUDB
1339,LUDB_12,500,LUDB
1886,LUDB_12,500,LUDB
2476,LUDB_12,500,LUDB
3056,LUDB_12,500,LUDB
3635,LUDB_12,500,LUDB
4207,LUDB_12,500,LUDB
926,LUDB_13,500,LUDB
1429,LUDB_13,500,LUDB
1941,LUDB_13,500,LUDB
2453,LUDB_13,500,LUDB
2962,LUDB_13,500,LUDB
3479,LUDB_13,500,LUDB
3985,LUDB_13,500,LUDB
520,LUDB_14,500,LUDB
880,LUDB_14,500,LUDB
1244,LUDB_14,500,LUDB
1603,LUDB_14,500,LUDB
1967,LUDB_14,500,LUDB
2323,LUDB_14,500,LUDB
2677,LUDB_14,500,LUDB
3033,LUDB_14,500,LUDB
3398,LUDB_14,500,LUDB
3757,LUDB_14,500,LUDB
4114,LUDB_14,500,LUDB
4467,LUDB_14,500,LUDB
858,LUDB_15,500,LUDB
1331,LUDB_15,500,LUDB
1787,LUDB_15,500,LUDB
2278,LUDB_15,500,LUDB
2742,LUDB_15,500,LUDB
3202,LUDB_15,500,LUDB
3667,LUDB_15,500,LUDB
4166,LUDB_15,500,LUDB
631,LUDB_16,500,LUDB
1046,LUDB_16,500,LUDB
1481,LUDB_16,500,LUDB
1890,LUDB_16,500,LUDB
2301,LUDB_16,500,LUDB
2687,LUDB_16,500,LUDB
3085,LUDB_16,500,LUDB
3495,LUDB_16,500,LUDB
3904,LUDB_16,500,LUDB
4315,LUDB_16,500,LUDB
778,LUDB_17,500,LUDB
1194,LUDB_17,500,LUDB
1617,LUDB_17,500,LUDB
2043,LUDB_17,500,LUDB
2485,LUDB_17,500,LUDB
2894,LUDB_17,500,LUDB
3314,LUDB_17,500,LUDB
3728,LUDB_17,500,LUDB
4131,LUDB_17,500,LUDB
4530,LUDB_17,500,LUDB
771,LUDB_18,500,LUDB
1150,LUDB_18,500,LUDB
1529,LUDB_18,500,LUDB
1907,LUDB_18,500,LUDB
2284,LUDB_18,500,LUDB
2666,LUDB_18,500,LUDB
3046,LUDB_18,500,LUDB
3423,LUDB_18,500,LUDB
3802,LUDB_18,500,LUDB
4182,LUDB_18,500,LUDB
4560,LUDB_18,500,LUDB
900,LUDB_19,500,LUDB
1394,LUDB_19,500,LUDB
1890,LUDB_19,500,LUDB
2395,LUDB_19,500,LUDB
2891,LUDB_19,500,LUDB
3375,LUDB_19,500,LUDB
3856,LUDB_19,500,LUDB
4340,LUDB_19,500,LUDB
913,LUDB_20,500,LUDB
1381,LUDB_20,500,LUDB
1852,LUDB_20,500,LUDB
2319,LUDB_20,500,LUDB
2781,LUDB_20,500,LUDB
3234,LUDB_20,500,LUDB
3685,LUDB_20,500,LUDB
4148,LUDB_20,500,LUDB
570,LUDB_21,500,LUDB
984,LUDB_21,500,LUDB
1399,LUDB_21,500,LUDB
1815,LUDB_21,500,LUDB
2224,LUDB_21,500,LUDB
2636,LUDB_21,500,LUDB
3046,LUDB_21,500,LUDB
3453,LUDB_21,500,LUDB
3866,LUDB_21,500,LUDB
4274,LUDB_21,500,LUDB
446,LUDB_22,500,LUDB
840,LUDB_22,500,LUDB
1237,LUDB_22,500,LUDB
1574,LUDB_22,500,LUDB
2009,LUDB_22,500,LUDB
2368,LUDB_22,500,LUDB
2774,LUDB_22,500,LUDB
3164,LUDB_22,500,LUDB
3582,LUDB_22,500,LUDB
3952,LUDB_22,500,LUDB
4370,LUDB_22,500,LUDB
721,LUDB_23,500,LUDB
1237,LUDB_23,500,LUDB
1751,LUDB_23,500,LUDB
2248,LUDB_23,500,LUDB
2749,LUDB_23,500,LUDB
3246,LUDB_23,500,LUDB
3736,LUDB_23,500,LUDB
4241,LUDB_23,500,LUDB
661,LUDB_24,500,LUDB
1256,LUDB_24,500,LUDB
1847,LUDB_24,500,LUDB
2439,LUDB_24,500,LUDB
3026,LUDB_24,500,LUDB
3605,LUDB_24,500,LUDB
4217,LUDB_24,500,LUDB
1059,LUDB_25,500,LUDB
1582,LUDB_25,500,LUDB
2087,LUDB_25,500,LUDB
2582,LUDB_25,500,LUDB
3052,LUDB_25,500,LUDB
3537,LUDB_25,500,LUDB
4046,LUDB_25,500,LUDB
866,LUDB_26,500,LUDB
1352,LUDB_26,500,LUDB
1836,LUDB_26,500,LUDB
2316,LUDB_26,500,LUDB
2790,LUDB_26,500,LUDB
3262,LUDB_26,500,LUDB
3729,LUDB_26,500,LUDB
4182,LUDB_26,500,LUDB
728,LUDB_27,500,LUDB
1279,LUDB_27,500,LUDB
1836,LUDB_27,500,LUDB
2388,LUDB_27,500,LUDB
2941,LUDB_27,500,LUDB
3487,LUDB_27,500,LUDB
4034,LUDB_27,500,LUDB
745,LUDB_28,500,LUDB
1248,LUDB_28,500,LUDB
1749,LUDB_28,500,LUDB
2254,LUDB_28,500,LUDB
2774,LUDB_28,500,LUDB
3289,LUDB_28,500,LUDB
3798,LUDB_28,500,LUDB
4305,LUDB_28,500,LUDB
484,LUDB_29,500,LUDB
952,LUDB_29,500,LUDB
1419,LUDB_29,500,LUDB
1884,LUDB_29,500,LUDB
2347,LUDB_29,500,LUDB
2806,LUDB_29,500,LUDB
3263,LUDB_29,500,LUDB
3719,LUDB_29,500,LUDB
4173,LUDB_29,500,LUDB
715,LUDB_30,500,LUDB
1288,LUDB_30,500,LUDB
1899,LUDB_30,500,LUDB
2489,LUDB_30,500,LUDB
3106,LUDB_30,500,LUDB
3701,LUDB_30,500,LUDB
4298,LUDB_30,500,LUDB
640,LUDB_31,500,LUDB
1100,LUDB_31,500,LUDB
1558,LUDB_31,500,LUDB
2020,LUDB_31,500,LUDB
2488,LUDB_31,500,LUDB
2952,LUDB_31,500,LUDB
3417,LUDB_31,500,LUDB
3880,LUDB_31,500,LUDB
4340,LUDB_31,500,LUDB
678,LUDB_32,500,LUDB
1165,LUDB_32,500,LUDB
1633,LUDB_32,500,LUDB
2108,LUDB_32,500,LUDB
2589,LUDB_32,500,LUDB
3065,LUDB_32,500,LUDB
3538,LUDB_32,500,LUDB
4007,LUDB_32,500,LUDB
4473,LUDB_32,500,LUDB
759,LUDB_33,500,LUDB
1262,LUDB_33,500,LUDB
1763,LUDB_33,500,LUDB
2259,LUDB_33,500,LUDB
2749,LUDB_33,500,LUDB
3235,LUDB_33,500,LUDB
3712,LUDB_33,500,LUDB
4192,LUDB_33,500,LUDB
773,LUDB_34,500,LUDB
1257,LUDB_34,500,LUDB
1774,LUDB_34,500,LUDB
2259,LUDB_34,500,LUDB
2775,LUDB_34,500,LUDB
3261,LUDB_34,500,LUDB
3758,LUDB_34,500,LUDB
4257,LUDB_34,500,LUDB
368,LUDB_35,500,LUDB
579,LUDB_35,500,LUDB
790,LUDB_35,500,LUDB
999,LUDB_35,500,LUDB
1208,LUDB_35,500,LUDB
1441,LUDB_35,500,LUDB
1707,LUDB_35,500,LUDB
1922,LUDB_35,500,LUDB
2134,LUDB_35,500,LUDB
2443,LUDB_35,500,LUDB
2646,LUDB_35,500,LUDB
2861,LUDB_35,500,LUDB
3071,LUDB_35,500,LUDB
3290,LUDB_35,500,LUDB
3575,LUDB_35,500,LUDB
3787,LUDB_35,500,LUDB
3995,LUDB_35,500,LUDB
4204,LUDB_35,500,LUDB
4421,LUDB_35,500,LUDB
4719,LUDB_35,500,LUDB
835,LUDB_36,500,LUDB
1279,LUDB_36,500,LUDB
1718,LUDB_36,500,LUDB
2152,LUDB_36,500,LUDB
2609,LUDB_36,500,LUDB
3091,LUDB_36,500,LUDB
3566,LUDB_36,500,LUDB
4045,LUDB_36,500,LUDB
510,LUDB_37,500,LUDB
956,LUDB_37,500,LUDB
1388,LUDB_37,500,LUDB
1811,LUDB_37,500,LUDB
2240,LUDB_37,500,LUDB
2674,LUDB_37,500,LUDB
3110,LUDB_37,500,LUDB
3537,LUDB_37,500,LUDB
3998,LUDB_37,500,LUDB
4457,LUDB_37,500,LUDB
529,LUDB_38,500,LUDB
777,LUDB_38,500,LUDB
1127,LUDB_38,500,LUDB
1319,LUDB_38,500,LUDB
1527,LUDB_38,500,LUDB
1793,LUDB_38,500,LUDB
2056,LUDB_38,500,LUDB
2394,LUDB_38,500,LUDB
2645,LUDB_38,500,LUDB
3007,LUDB_38,500,LUDB
3326,LUDB_38,500,LUDB
3602,LUDB_38,500,LUDB
3867,LUDB_38,500,LUDB
4082,LUDB_38,500,LUDB
4348,LUDB_38,500,LUDB
1027,LUDB_39,500,LUDB
1616,LUDB_39,500,LUDB
2180,LUDB_39,500,LUDB
2726,LUDB_39,500,LUDB
3297,LUDB_39,500,LUDB
3862,LUDB_39,500,LUDB
4405,LUDB_39,500,LUDB
610,LUDB_40,500,LUDB
1045,LUDB_40,500,LUDB
1487,LUDB_40,500,LUDB
1933,LUDB_40,500,LUDB
2393,LUDB_40,500,LUDB
2868,LUDB_40,500,LUDB
3345,LUDB_40,500,LUDB
3820,LUDB_40,500,LUDB
4297,LUDB_40,500,LUDB
742,LUDB_41,500,LUDB
1360,LUDB_41,500,LUDB
1973,LUDB_41,500,LUDB
2566,LUDB_41,500,LUDB
3172,LUDB_41,500,LUDB
3790,LUDB_41,500,LUDB
606,LUDB_42,500,LUDB
1141,LUDB_42,500,LUDB
1677,LUDB_42,500,LUDB
2196,LUDB_42,500,LUDB
2701,LUDB_42,500,LUDB
3208,LUDB_42,500,LUDB
3750,LUDB_42,500,LUDB
4278,LUDB_42,500,LUDB
694,LUDB_43,500,LUDB
1194,LUDB_43,500,LUDB
1676,LUDB_43,500,LUDB
2195,LUDB_43,500,LUDB
2698,LUDB_43,500,LUDB
3197,LUDB_43,500,LUDB
3628,LUDB_43,500,LUDB
4144,LUDB_43,500,LUDB
799,LUDB_44,500,LUDB
1288,LUDB_44,500,LUDB
1666,LUDB_44,500,LUDB
2032,LUDB_44,500,LUDB
2511,LUDB_44,500,LUDB
2875,LUDB_44,500,LUDB
3440,LUDB_44,500,LUDB
3983,LUDB_44,500,LUDB
4404,LUDB_44,500,LUDB
645,LUDB_45,500,LUDB
933,LUDB_45,500,LUDB
1575,LUDB_45,500,LUDB
2075,LUDB_45,500,LUDB
2572,LUDB_45,500,LUDB
3076,LUDB_45,500,LUDB
3574,LUDB_45,500,LUDB
4075,LUDB_45,500,LUDB
846,LUDB_46,500,LUDB
1321,LUDB_46,500,LUDB
1801,LUDB_46,500,LUDB
2284,LUDB_46,500,LUDB
2765,LUDB_46,500,LUDB
3243,LUDB_46,500,LUDB
3710,LUDB_46,500,LUDB
4178,LUDB_46,500,LUDB
928,LUDB_47,500,LUDB
1565,LUDB_47,500,LUDB
2197,LUDB_47,500,LUDB
2822,LUDB_47,500,LUDB
976,LUDB_48,500,LUDB
1518,LUDB_48,500,LUDB
2062,LUDB_48,500,LUDB
2580,LUDB_48,500,LUDB
3091,LUDB_48,500,LUDB
3588,LUDB_48,500,LUDB
4075,LUDB_48,500,LUDB
909,LUDB_49,500,LUDB
1467,LUDB_49,500,LUDB
2013,LUDB_49,500,LUDB
2559,LUDB_49,500,LUDB
3109,LUDB_49,500,LUDB
3655,LUDB_49,500,LUDB
4205,LUDB_49,500,LUDB
740,LUDB_50,500,LUDB
1187,LUDB_50,500,LUDB
1624,LUDB_50,500,LUDB
2054,LUDB_50,500,LUDB
2484,LUDB_50,500,LUDB
2907,LUDB_50,500,LUDB
3330,LUDB_50,500,LUDB
3749,LUDB_50,500,LUDB
4170,LUDB_50,500,LUDB
898,LUDB_51,500,LUDB
1453,LUDB_51,500,LUDB
1885,LUDB_51,500,LUDB
2246,LUDB_51,500,LUDB
2972,LUDB_51,500,LUDB
3233,LUDB_51,500,LUDB
4050,LUDB_51,500,LUDB
4465,LUDB_51,500,LUDB
519,LUDB_52,500,LUDB
957,LUDB_52,500,LUDB
1419,LUDB_52,500,LUDB
1849,LUDB_52,500,LUDB
2330,LUDB_52,500,LUDB
2795,LUDB_52,500,LUDB
3256,LUDB_52,500,LUDB
3648,LUDB_52,500,LUDB
4120,LUDB_52,500,LUDB
579,LUDB_53,500,LUDB
1056,LUDB_53,500,LUDB
1534,LUDB_53,500,LUDB
2023,LUDB_53,500,LUDB
2512,LUDB_53,500,LUDB
2990,LUDB_53,500,LUDB
3464,LUDB_53,500,LUDB
3935,LUDB_53,500,LUDB
4411,LUDB_53,500,LUDB
579,LUDB_54,500,LUDB
1128,LUDB_54,500,LUDB
1683,LUDB_54,500,LUDB
2237,LUDB_54,500,LUDB
2788,LUDB_54,500,LUDB
3355,LUDB_54,500,LUDB
3913,LUDB_54,500,LUDB
857,LUDB_55,500,LUDB
1355,LUDB_55,500,LUDB
1846,LUDB_55,500,LUDB
2335,LUDB_55,500,LUDB
2819,LUDB_55,500,LUDB
3293,LUDB_55,500,LUDB
3776,LUDB_55,500,LUDB
4256,LUDB_55,500,LUDB
827,LUDB_56,500,LUDB
1246,LUDB_56,500,LUDB
1662,LUDB_56,500,LUDB
2073,LUDB_56,500,LUDB
2479,LUDB_56,500,LUDB
2889,LUDB_56,500,LUDB
3290,LUDB_56,500,LUDB
3685,LUDB_56,500,LUDB
4063,LUDB_56,500,LUDB
4474,LUDB_56,500,LUDB
443,LUDB_57,500,LUDB
823,LUDB_57,500,LUDB
1202,LUDB_57,500,LUDB
1576,LUDB_57,500,LUDB
1948,LUDB_57,500,LUDB
2320,LUDB_57,500,LUDB
2694,LUDB_57,500,LUDB
3065,LUDB_57,500,LUDB
3431,LUDB_57,500,LUDB
3793,LUDB_57,500,LUDB
4155,LUDB_57,500,LUDB
4514,LUDB_57,500,LUDB
696,LUDB_58,500,LUDB
1197,LUDB_58,500,LUDB
1700,LUDB_58,500,LUDB
2201,LUDB_58,500,LUDB
2683,LUDB_58,500,LUDB
3165,LUDB_58,500,LUDB
3627,LUDB_58,500,LUDB
4046,LUDB_58,500,LUDB
4473,LUDB_58,500,LUDB
1126,LUDB_59,500,LUDB
1700,LUDB_59,500,LUDB
2260,LUDB_59,500,LUDB
2816,LUDB_59,500,LUDB
3366,LUDB_59,500,LUDB
3914,LUDB_59,500,LUDB
593,LUDB_60,500,LUDB
1122,LUDB_60,500,LUDB
1436,LUDB_60,500,LUDB
2102,LUDB_60,500,LUDB
2601,LUDB_60,500,LUDB
3120,LUDB_60,500,LUDB
3624,LUDB_60,500,LUDB
4133,LUDB_60,500,LUDB
678,LUDB_61,500,LUDB
1150,LUDB_61,500,LUDB
1632,LUDB_61,500,LUDB
2096,LUDB_61,500,LUDB
2571,LUDB_61,500,LUDB
3056,LUDB_61,500,LUDB
3536,LUDB_61,500,LUDB
4025,LUDB_61,500,LUDB
822,LUDB_62,500,LUDB
1241,LUDB_62,500,LUDB
1668,LUDB_62,500,LUDB
2095,LUDB_62,500,LUDB
2527,LUDB_62,500,LUDB
2969,LUDB_62,500,LUDB
3401,LUDB_62,500,LUDB
3838,LUDB_62,500,LUDB
4276,LUDB_62,500,LUDB
646,LUDB_63,500,LUDB
1037,LUDB_63,500,LUDB
1459,LUDB_63,500,LUDB
1903,LUDB_63,500,LUDB
2321,LUDB_63,500,LUDB
2785,LUDB_63,500,LUDB
3191,LUDB_63,500,LUDB
3562,LUDB_63,500,LUDB
3950,LUDB_63,500,LUDB
4393,LUDB_63,500,LUDB
681,LUDB_64,500,LUDB
1149,LUDB_64,500,LUDB
1608,LUDB_64,500,LUDB
2058,LUDB_64,500,LUDB
2491,LUDB_64,500,LUDB
2907,LUDB_64,500,LUDB
3341,LUDB_64,500,LUDB
3795,LUDB_64,500,LUDB
4272,LUDB_64,500,LUDB
529,LUDB_65,500,LUDB
879,LUDB_65,500,LUDB
1230,LUDB_65,500,LUDB
1579,LUDB_65,500,LUDB
1927,LUDB_65,500,LUDB
2274,LUDB_65,500,LUDB
2620,LUDB_65,500,LUDB
2967,LUDB_65,500,LUDB
3316,LUDB_65,500,LUDB
3663,LUDB_65,500,LUDB
4009,LUDB_65,500,LUDB
4355,LUDB_65,500,LUDB
943,LUDB_66,500,LUDB
1562,LUDB_66,500,LUDB
1919,LUDB_66,500,LUDB
2719,LUDB_66,500,LUDB
3368,LUDB_66,500,LUDB
3978,LUDB_66,500,LUDB
888,LUDB_67,500,LUDB
1427,LUDB_67,500,LUDB
1980,LUDB_67,500,LUDB
2517,LUDB_67,500,LUDB
3030,LUDB_67,500,LUDB
3537,LUDB_67,500,LUDB
4054,LUDB_67,500,LUDB
529,LUDB_68,500,LUDB
1004,LUDB_68,500,LUDB
1468,LUDB_68,500,LUDB
1940,LUDB_68,500,LUDB
2396,LUDB_68,500,LUDB
2845,LUDB_68,500,LUDB
3307,LUDB_68,500,LUDB
3768,LUDB_68,500,LUDB
4221,LUDB_68,500,LUDB
732,LUDB_69,500,LUDB
1113,LUDB_69,500,LUDB
1505,LUDB_69,500,LUDB
1893,LUDB_69,500,LUDB
2275,LUDB_69,500,LUDB
2653,LUDB_69,500,LUDB
3036,LUDB_69,500,LUDB
3425,LUDB_69,500,LUDB
3809,LUDB_69,500,LUDB
4187,LUDB_69,500,LUDB
4561,LUDB_69,500,LUDB
357,LUDB_70,500,LUDB
692,LUDB_70,500,LUDB
1029,LUDB_70,500,LUDB
1368,LUDB_70,500,LUDB
1705,LUDB_70,500,LUDB
2043,LUDB_70,500,LUDB
2382,LUDB_70,500,LUDB
2717,LUDB_70,500,LUDB
3043,LUDB_70,500,LUDB
3365,LUDB_70,500,LUDB
3687,LUDB_70,500,LUDB
4010,LUDB_70,500,LUDB
4342,LUDB_70,500,LUDB
548,LUDB_71,500,LUDB
1034,LUDB_71,500,LUDB
1523,LUDB_71,500,LUDB
2036,LUDB_71,500,LUDB
2586,LUDB_71,500,LUDB
3146,LUDB_71,500,LUDB
3692,LUDB_71,500,LUDB
4226,LUDB_71,500,LUDB
833,LUDB_72,500,LUDB
1333,LUDB_72,500,LUDB
1833,LUDB_72,500,LUDB
2334,LUDB_72,500,LUDB
2834,LUDB_72,500,LUDB
3175,LUDB_72,500,LUDB
3683,LUDB_72,500,LUDB
4185,LUDB_72,500,LUDB
828,LUDB_73,500,LUDB
1341,LUDB_73,500,LUDB
1854,LUDB_73,500,LUDB
2369,LUDB_73,500,LUDB
2878,LUDB_73,500,LUDB
3388,LUDB_73,500,LUDB
3897,LUDB_73,500,LUDB
4402,LUDB_73,500,LUDB
644,LUDB_74,500,LUDB
1145,LUDB_74,500,LUDB
1642,LUDB_74,500,LUDB
2145,LUDB_74,500,LUDB
2655,LUDB_74,500,LUDB
3154,LUDB_74,500,LUDB
3645,LUDB_74,500,LUDB
4143,LUDB_74,500,LUDB
4656,LUDB_74,500,LUDB
594,LUDB_75,500,LUDB
1077,LUDB_75,500,LUDB
1566,LUDB_75,500,LUDB
2055,LUDB_75,500,LUDB
2533,LUDB_75,500,LUDB
3019,LUDB_75,500,LUDB
3500,LUDB_75,500,LUDB
3971,LUDB_75,500,LUDB
4448,LUDB_75,500,LUDB
658,LUDB_76,500,LUDB
1061,LUDB_76,500,LUDB
1471,LUDB_76,500,LUDB
1868,LUDB_76,500,LUDB
2273,LUDB_76,500,LUDB
2684,LUDB_76,500,LUDB
3090,LUDB_76,500,LUDB
3488,LUDB_76,500,LUDB
3882,LUDB_76,500,LUDB
4275,LUDB_76,500,LUDB
4658,LUDB_76,500,LUDB
720,LUDB_77,500,LUDB
1117,LUDB_77,500,LUDB
1526,LUDB_77,500,LUDB
1928,LUDB_77,500,LUDB
2330,LUDB_77,500,LUDB
2721,LUDB_77,500,LUDB
3123,LUDB_77,500,LUDB
3527,LUDB_77,500,LUDB
3926,LUDB_77,500,LUDB
4328,LUDB_77,500,LUDB
732,LUDB_78,500,LUDB
1098,LUDB_78,500,LUDB
1668,LUDB_78,500,LUDB
2158,LUDB_78,500,LUDB
2646,LUDB_78,500,LUDB
3130,LUDB_78,500,LUDB
3600,LUDB_78,500,LUDB
4070,LUDB_78,500,LUDB
626,LUDB_79,500,LUDB
1167,LUDB_79,500,LUDB
1683,LUDB_79,500,LUDB
2220,LUDB_79,500,LUDB
2765,LUDB_79,500,LUDB
3294,LUDB_79,500,LUDB
3799,LUDB_79,500,LUDB
4318,LUDB_79,500,LUDB
381,LUDB_80,500,LUDB
776,LUDB_80,500,LUDB
1174,LUDB_80,500,LUDB
1575,LUDB_80,500,LUDB
1980,LUDB_80,500,LUDB
2377,LUDB_80,500,LUDB
2778,LUDB_80,500,LUDB
3187,LUDB_80,500,LUDB
3591,LUDB_80,500,LUDB
3996,LUDB_80,500,LUDB
4402,LUDB_80,500,LUDB
613,LUDB_81,500,LUDB
1017,LUDB_81,500,LUDB
1395,LUDB_81,500,LUDB
1795,LUDB_81,500,LUDB
2168,LUDB_81,500,LUDB
2554,LUDB_81,500,LUDB
2931,LUDB_81,500,LUDB
3308,LUDB_81,500,LUDB
3687,LUDB_81,500,LUDB
4096,LUDB_81,500,LUDB
4515,LUDB_81,500,LUDB
926,LUDB_82,500,LUDB
1519,LUDB_82,500,LUDB
2085,LUDB_82,500,LUDB
2681,LUDB_82,500,LUDB
3252,LUDB_82,500,LUDB
3817,LUDB_82,500,LUDB
4398,LUDB_82,500,LUDB
351,LUDB_83,500,LUDB
676,LUDB_83,500,LUDB
1215,LUDB_83,500,LUDB
1778,LUDB_83,500,LUDB
2159,LUDB_83,500,LUDB
2590,LUDB_83,500,LUDB
3277,LUDB_83,500,LUDB
3756,LUDB_83,500,LUDB
4141,LUDB_83,500,LUDB
4590,LUDB_83,500,LUDB
730,LUDB_84,500,LUDB
1230,LUDB_84,500,LUDB
1729,LUDB_84,500,LUDB
2229,LUDB_84,500,LUDB
2730,LUDB_84,500,LUDB
3229,LUDB_84,500,LUDB
3729,LUDB_84,500,LUDB
4229,LUDB_84,500,LUDB
723,LUDB_85,500,LUDB
1120,LUDB_85,500,LUDB
1514,LUDB_85,500,LUDB
1902,LUDB_85,500,LUDB
2298,LUDB_85,500,LUDB
2691,LUDB_85,500,LUDB
3092,LUDB_85,500,LUDB
3509,LUDB_85,500,LUDB
3925,LUDB_85,500,LUDB
4335,LUDB_85,500,LUDB
619,LUDB_86,500,LUDB
948,LUDB_86,500,LUDB
1279,LUDB_86,500,LUDB
1611,LUDB_86,500,LUDB
1944,LUDB_86,500,LUDB
2278,LUDB_86,500,LUDB
2617,LUDB_86,500,LUDB
2955,LUDB_86,500,LUDB
3297,LUDB_86,500,LUDB
3642,LUDB_86,500,LUDB
3987,LUDB_86,500,LUDB
4333,LUDB_86,500,LUDB
636,LUDB_87,500,LUDB
960,LUDB_87,500,LUDB
1288,LUDB_87,500,LUDB
1627,LUDB_87,500,LUDB
1952,LUDB_87,500,LUDB
2281,LUDB_87,500,LUDB
2621,LUDB_87,500,LUDB
2977,LUDB_87,500,LUDB
3321,LUDB_87,500,LUDB
3682,LUDB_87,500,LUDB
4048,LUDB_87,500,LUDB
4404,LUDB_87,500,LUDB
609,LUDB_88,500,LUDB
851,LUDB_88,500,LUDB
1186,LUDB_88,500,LUDB
1537,LUDB_88,500,LUDB
1803,LUDB_88,500,LUDB
2084,LUDB_88,500,LUDB
2581,LUDB_88,500,LUDB
2908,LUDB_88,500,LUDB
3224,LUDB_88,500,LUDB
3715,LUDB_88,500,LUDB
4029,LUDB_88,500,LUDB
4296,LUDB_88,500,LUDB
740,LUDB_89,500,LUDB
1148,LUDB_89,500,LUDB
1570,LUDB_89,500,LUDB
2003,LUDB_89,500,LUDB
2403,LUDB_89,500,LUDB
2797,LUDB_89,500,LUDB
3208,LUDB_89,500,LUDB
3650,LUDB_89,500,LUDB
4098,LUDB_89,500,LUDB
4553,LUDB_89,500,LUDB
732,LUDB_90,500,LUDB
1245,LUDB_90,500,LUDB
1748,LUDB_90,500,LUDB
2246,LUDB_90,500,LUDB
2749,LUDB_90,500,LUDB
3249,LUDB_90,500,LUDB
3748,LUDB_90,500,LUDB
4249,LUDB_90,500,LUDB
544,LUDB_91,500,LUDB
911,LUDB_91,500,LUDB
1282,LUDB_91,500,LUDB
1649,LUDB_91,500,LUDB
2016,LUDB_91,500,LUDB
2387,LUDB_91,500,LUDB
2769,LUDB_91,500,LUDB
3157,LUDB_91,500,LUDB
3549,LUDB_91,500,LUDB
3863,LUDB_91,500,LUDB
4287,LUDB_91,500,LUDB
430,LUDB_92,500,LUDB
740,LUDB_92,500,LUDB
1049,LUDB_92,500,LUDB
1349,LUDB_92,500,LUDB
1665,LUDB_92,500,LUDB
1975,LUDB_92,500,LUDB
2279,LUDB_92,500,LUDB
2583,LUDB_92,500,LUDB
2888,LUDB_92,500,LUDB
3190,LUDB_92,500,LUDB
3495,LUDB_92,500,LUDB
3800,LUDB_92,500,LUDB
4098,LUDB_92,500,LUDB
4398,LUDB_92,500,LUDB
860,LUDB_93,500,LUDB
1340,LUDB_93,500,LUDB
1871,LUDB_93,500,LUDB
2366,LUDB_93,500,LUDB
2863,LUDB_93,500,LUDB
3357,LUDB_93,500,LUDB
3849,LUDB_93,500,LUDB
4361,LUDB_93,500,LUDB
730,LUDB_94,500,LUDB
1113,LUDB_94,500,LUDB
1491,LUDB_94,500,LUDB
1870,LUDB_94,500,LUDB
2252,LUDB_94,500,LUDB
2649,LUDB_94,500,LUDB
3072,LUDB_94,500,LUDB
3496,LUDB_94,500,LUDB
3906,LUDB_94,500,LUDB
4300,LUDB_94,500,LUDB
826,LUDB_95,500,LUDB
1326,LUDB_95,500,LUDB
1828,LUDB_95,500,LUDB
2330,LUDB_95,500,LUDB
2809,LUDB_95,500,LUDB
3174,LUDB_95,500,LUDB
3549,LUDB_95,500,LUDB
4011,LUDB_95,500,LUDB
4496,LUDB_95,500,LUDB
561,LUDB_96,500,LUDB
904,LUDB_96,500,LUDB
1452,LUDB_96,500,LUDB
1777,LUDB_96,500,LUDB
2110,LUDB_96,500,LUDB
2531,LUDB_96,500,LUDB
2790,LUDB_96,500,LUDB
3028,LUDB_96,500,LUDB
3350,LUDB_96,500,LUDB
3734,LUDB_96,500,LUDB
4176,LUDB_96,500,LUDB
4466,LUDB_96,500,LUDB
696,LUDB_97,500,LUDB
1190,LUDB_97,500,LUDB
1676,LUDB_97,500,LUDB
2170,LUDB_97,500,LUDB
2671,LUDB_97,500,LUDB
3167,LUDB_97,500,LUDB
3659,LUDB_97,500,LUDB
4163,LUDB_97,500,LUDB
752,LUDB_98,500,LUDB
1225,LUDB_98,500,LUDB
1714,LUDB_98,500,LUDB
2205,LUDB_98,500,LUDB
2686,LUDB_98,500,LUDB
3162,LUDB_98,500,LUDB
3651,LUDB_98,500,LUDB
4144,LUDB_98,500,LUDB
382,LUDB_99,500,LUDB
733,LUDB_99,500,LUDB
1069,LUDB_99,500,LUDB
1400,LUDB_99,500,LUDB
1729,LUDB_99,500,LUDB
2092,LUDB_99,500,LUDB
2497,LUDB_99,500,LUDB
2946,LUDB_99,500,LUDB
3399,LUDB_99,500,LUDB
3827,LUDB_99,500,LUDB
4227,LUDB_99,500,LUDB
4586,LUDB_99,500,LUDB
613,LUDB_100,500,LUDB
1064,LUDB_100,500,LUDB
1516,LUDB_100,500,LUDB
1958,LUDB_100,500,LUDB
2407,LUDB_100,500,LUDB
2849,LUDB_100,500,LUDB
3292,LUDB_100,500,LUDB
3738,LUDB_100,500,LUDB
4177,LUDB_100,500,LUDB
581,LUDB_101,500,LUDB
916,LUDB_101,500,LUDB
1422,LUDB_101,500,LUDB
1835,LUDB_101,500,LUDB
2188,LUDB_101,500,LUDB
2523,LUDB_101,500,LUDB
2878,LUDB_101,500,LUDB
3221,LUDB_101,500,LUDB
3578,LUDB_101,500,LUDB
3912,LUDB_101,500,LUDB
4414,LUDB_101,500,LUDB
781,LUDB_102,500,LUDB
1235,LUDB_102,500,LUDB
1685,LUDB_102,500,LUDB
2144,LUDB_102,500,LUDB
2605,LUDB_102,500,LUDB
3063,LUDB_102,500,LUDB
3521,LUDB_102,500,LUDB
3980,LUDB_102,500,LUDB
4446,LUDB_102,500,LUDB
308,LUDB_103,500,LUDB
731,LUDB_103,500,LUDB
959,LUDB_103,500,LUDB
1191,LUDB_103,500,LUDB
1501,LUDB_103,500,LUDB
1739,LUDB_103,500,LUDB
2186,LUDB_103,500,LUDB
2506,LUDB_103,500,LUDB
2829,LUDB_103,500,LUDB
3060,LUDB_103,500,LUDB
3501,LUDB_103,500,LUDB
3822,LUDB_103,500,LUDB
4267,LUDB_103,500,LUDB
4590,LUDB_103,500,LUDB
744,LUDB_104,500,LUDB
1202,LUDB_104,500,LUDB
1666,LUDB_104,500,LUDB
2134,LUDB_104,500,LUDB
2599,LUDB_104,500,LUDB
3049,LUDB_104,500,LUDB
3512,LUDB_104,500,LUDB
3971,LUDB_104,500,LUDB
4428,LUDB_104,500,LUDB
510,LUDB_105,500,LUDB
957,LUDB_105,500,LUDB
1414,LUDB_105,500,LUDB
1620,LUDB_105,500,LUDB
1876,LUDB_105,500,LUDB
2338,LUDB_105,500,LUDB
2802,LUDB_105,500,LUDB
3260,LUDB_105,500,LUDB
3717,LUDB_105,500,LUDB
3922,LUDB_105,500,LUDB
4189,LUDB_105,500,LUDB
484,LUDB_106,500,LUDB
906,LUDB_106,500,LUDB
1260,LUDB_106,500,LUDB
1610,LUDB_106,500,LUDB
1960,LUDB_106,500,LUDB
2311,LUDB_106,500,LUDB
2663,LUDB_106,500,LUDB
3016,LUDB_106,500,LUDB
3370,LUDB_106,500,LUDB
3724,LUDB_106,500,LUDB
4079,LUDB_106,500,LUDB
4436,LUDB_106,500,LUDB
682,LUDB_107,500,LUDB
1171,LUDB_107,500,LUDB
1666,LUDB_107,500,LUDB
2157,LUDB_107,500,LUDB
2643,LUDB_107,500,LUDB
3136,LUDB_107,500,LUDB
3632,LUDB_107,500,LUDB
4127,LUDB_107,500,LUDB
480,LUDB_108,500,LUDB
923,LUDB_108,500,LUDB
1302,LUDB_108,500,LUDB
1674,LUDB_108,500,LUDB
1945,LUDB_108,500,LUDB
2396,LUDB_108,500,LUDB
2777,LUDB_108,500,LUDB
3151,LUDB_108,500,LUDB
3419,LUDB_108,500,LUDB
3866,LUDB_108,500,LUDB
4248,LUDB_108,500,LUDB
466,LUDB_109,500,LUDB
685,LUDB_109,500,LUDB
1045,LUDB_109,500,LUDB
1407,LUDB_109,500,LUDB
1759,LUDB_109,500,LUDB
2008,LUDB_109,500,LUDB
2207,LUDB_109,500,LUDB
2414,LUDB_109,500,LUDB
2785,LUDB_109,500,LUDB
3210,LUDB_109,500,LUDB
3581,LUDB_109,500,LUDB
4030,LUDB_109,500,LUDB
4374,LUDB_109,500,LUDB
4591,LUDB_109,500,LUDB
4807,LUDB_109,500,LUDB
466,LUDB_110,500,LUDB
755,LUDB_110,500,LUDB
1138,LUDB_110,500,LUDB
1606,LUDB_110,500,LUDB
1829,LUDB_110,500,LUDB
2224,LUDB_110,500,LUDB
2640,LUDB_110,500,LUDB
2995,LUDB_110,500,LUDB
3286,LUDB_110,500,LUDB
3596,LUDB_110,500,LUDB
3897,LUDB_110,500,LUDB
4200,LUDB_110,500,LUDB
4594,LUDB_110,500,LUDB
971,LUDB_111,500,LUDB
1458,LUDB_111,500,LUDB
1957,LUDB_111,500,LUDB
2458,LUDB_111,500,LUDB
2971,LUDB_111,500,LUDB
3456,LUDB_111,500,LUDB
3962,LUDB_111,500,LUDB
4459,LUDB_111,500,LUDB
426,LUDB_112,500,LUDB
650,LUDB_112,500,LUDB
855,LUDB_112,500,LUDB
1480,LUDB_112,500,LUDB
1720,LUDB_112,500,LUDB
1982,LUDB_112,500,LUDB
2349,LUDB_112,500,LUDB
2691,LUDB_112,500,LUDB
3011,LUDB_112,500,LUDB
3299,LUDB_112,500,LUDB
3511,LUDB_112,500,LUDB
3908,LUDB_112,500,LUDB
4158,LUDB_112,500,LUDB
4456,LUDB_112,500,LUDB
852,LUDB_113,500,LUDB
1347,LUDB_113,500,LUDB
1859,LUDB_113,500,LUDB
2371,LUDB_113,500,LUDB
2871,LUDB_113,500,LUDB
3371,LUDB_113,500,LUDB
3886,LUDB_113,500,LUDB
4394,LUDB_113,500,LUDB
429,LUDB_114,500,LUDB
760,LUDB_114,500,LUDB
1091,LUDB_114,500,LUDB
1423,LUDB_114,500,LUDB
1753,LUDB_114,500,LUDB
2085,LUDB_114,500,LUDB
2416,LUDB_114,500,LUDB
2747,LUDB_114,500,LUDB
3075,LUDB_114,500,LUDB
3400,LUDB_114,500,LUDB
3729,LUDB_114,500,LUDB
4057,LUDB_114,500,LUDB
4386,LUDB_114,500,LUDB
933,LUDB_115,500,LUDB
1473,LUDB_115,500,LUDB
2024,LUDB_115,500,LUDB
2570,LUDB_115,500,LUDB
3113,LUDB_115,500,LUDB
3648,LUDB_115,500,LUDB
4186,LUDB_115,500,LUDB
335,LUDB_116,500,LUDB
662,LUDB_116,500,LUDB
993,LUDB_116,500,LUDB
1327,LUDB_116,500,LUDB
1662,LUDB_116,500,LUDB
1995,LUDB_116,500,LUDB
2325,LUDB_116,500,LUDB
2653,LUDB_116,500,LUDB
2986,LUDB_116,500,LUDB
3323,LUDB_116,500,LUDB
3653,LUDB_116,500,LUDB
3996,LUDB_116,500,LUDB
4332,LUDB_116,500,LUDB
567,LUDB_117,500,LUDB
896,LUDB_117,500,LUDB
1226,LUDB_117,500,LUDB
1549,LUDB_117,500,LUDB
1844,LUDB_117,500,LUDB
2130,LUDB_117,500,LUDB
2417,LUDB_117,500,LUDB
2711,LUDB_117,500,LUDB
3044,LUDB_117,500,LUDB
3386,LUDB_117,500,LUDB
3724,LUDB_117,500,LUDB
4074,LUDB_117,500,LUDB
4423,LUDB_117,500,LUDB
899,LUDB_118,500,LUDB
1355,LUDB_118,500,LUDB
1811,LUDB_118,500,LUDB
2263,LUDB_118,500,LUDB
2711,LUDB_118,500,LUDB
3168,LUDB_118,500,LUDB
3635,LUDB_118,500,LUDB
4104,LUDB_118,500,LUDB
674,LUDB_119,500,LUDB
1163,LUDB_119,500,LUDB
1649,LUDB_119,500,LUDB
2147,LUDB_119,500,LUDB
2624,LUDB_119,500,LUDB
3118,LUDB_119,500,LUDB
3639,LUDB_119,500,LUDB
4161,LUDB_119,500,LUDB
827,LUDB_120,500,LUDB
1336,LUDB_120,500,LUDB
1854,LUDB_120,500,LUDB
2372,LUDB_120,500,LUDB
2886,LUDB_120,500,LUDB
3402,LUDB_120,500,LUDB
3917,LUDB_120,500,LUDB
4432,LUDB_120,500,LUDB
340,LUDB_121,500,LUDB
649,LUDB_121,500,LUDB
956,LUDB_121,500,LUDB
1268,LUDB_121,500,LUDB
1580,LUDB_121,500,LUDB
1895,LUDB_121,500,LUDB
2206,LUDB_121,500,LUDB
2515,LUDB_121,500,LUDB
2826,LUDB_121,500,LUDB
3137,LUDB_121,500,LUDB
3443,LUDB_121,500,LUDB
3750,LUDB_121,500,LUDB
4061,LUDB_121,500,LUDB
4366,LUDB_121,500,LUDB
4672,LUDB_121,500,LUDB
942,LUDB_122,500,LUDB
1393,LUDB_122,500,LUDB
1864,LUDB_122,500,LUDB
2372,LUDB_122,500,LUDB
2882,LUDB_122,500,LUDB
3388,LUDB_122,500,LUDB
3930,LUDB_122,500,LUDB
4489,LUDB_122,500,LUDB
509,LUDB_123,500,LUDB
953,LUDB_123,500,LUDB
1425,LUDB_123,500,LUDB
1865,LUDB_123,500,LUDB
2328,LUDB_123,500,LUDB
2811,LUDB_123,500,LUDB
3246,LUDB_123,500,LUDB
3687,LUDB_123,500,LUDB
4165,LUDB_123,500,LUDB
1048,LUDB_124,500,LUDB
1580,LUDB_124,500,LUDB
2110,LUDB_124,500,LUDB
2629,LUDB_124,500,LUDB
3159,LUDB_124,500,LUDB
3702,LUDB_124,500,LUDB
4247,LUDB_124,500,LUDB
645,LUDB_125,500,LUDB
1246,LUDB_125,500,LUDB
1847,LUDB_125,500,LUDB
2196,LUDB_125,500,LUDB
2507,LUDB_125,500,LUDB
3221,LUDB_125,500,LUDB
3821,LUDB_125,500,LUDB
695,LUDB_126,500,LUDB
1129,LUDB_126,500,LUDB
1563,LUDB_126,500,LUDB
1999,LUDB_126,500,LUDB
2432,LUDB_126,500,LUDB
2860,LUDB_126,500,LUDB
3291,LUDB_126,500,LUDB
3722,LUDB_126,500,LUDB
4148,LUDB_126,500,LUDB
1385,LUDB_127,500,LUDB
2133,LUDB_127,500,LUDB
2888,LUDB_127,500,LUDB
3635,LUDB_127,500,LUDB
728,LUDB_128,500,LUDB
1296,LUDB_128,500,LUDB
1874,LUDB_128,500,LUDB
2459,LUDB_128,500,LUDB
3018,LUDB_128,500,LUDB
3555,LUDB_128,500,LUDB
4118,LUDB_128,500,LUDB
580,LUDB_129,500,LUDB
1076,LUDB_129,500,LUDB
1665,LUDB_129,500,LUDB
2053,LUDB_129,500,LUDB
2564,LUDB_129,500,LUDB
3076,LUDB_129,500,LUDB
3483,LUDB_129,500,LUDB
3980,LUDB_129,500,LUDB
1005,LUDB_130,500,LUDB
1534,LUDB_130,500,LUDB
2065,LUDB_130,500,LUDB
2599,LUDB_130,500,LUDB
3120,LUDB_130,500,LUDB
3661,LUDB_130,500,LUDB
4187,LUDB_130,500,LUDB
902,LUDB_131,500,LUDB
1353,LUDB_131,500,LUDB
1805,LUDB_131,500,LUDB
2272,LUDB_131,500,LUDB
2737,LUDB_131,500,LUDB
3202,LUDB_131,500,LUDB
3661,LUDB_131,500,LUDB
4116,LUDB_131,500,LUDB
672,LUDB_132,500,LUDB
1259,LUDB_132,500,LUDB
1704,LUDB_132,500,LUDB
2288,LUDB_132,500,LUDB
2721,LUDB_132,500,LUDB
3322,LUDB_132,500,LUDB
3738,LUDB_132,500,LUDB
4334,LUDB_132,500,LUDB
775,LUDB_133,500,LUDB
1360,LUDB_133,500,LUDB
1931,LUDB_133,500,LUDB
2545,LUDB_133,500,LUDB
3143,LUDB_133,500,LUDB
3723,LUDB_133,500,LUDB
4330,LUDB_133,500,LUDB
974,LUDB_134,500,LUDB
1583,LUDB_134,500,LUDB
2177,LUDB_134,500,LUDB
2765,LUDB_134,500,LUDB
3365,LUDB_134,500,LUDB
3969,LUDB_134,500,LUDB
863,LUDB_135,500,LUDB
1321,LUDB_135,500,LUDB
1768,LUDB_135,500,LUDB
2183,LUDB_135,500,LUDB
2603,LUDB_135,500,LUDB
3042,LUDB_135,500,LUDB
3493,LUDB_135,500,LUDB
3957,LUDB_135,500,LUDB
4382,LUDB_135,500,LUDB
347,LUDB_136,500,LUDB
673,LUDB_136,500,LUDB
1015,LUDB_136,500,LUDB
1384,LUDB_136,500,LUDB
1724,LUDB_136,500,LUDB
2060,LUDB_136,500,LUDB
2409,LUDB_136,500,LUDB
2759,LUDB_136,500,LUDB
3108,LUDB_136,500,LUDB
3453,LUDB_136,500,LUDB
3807,LUDB_136,500,LUDB
4159,LUDB_136,500,LUDB
4504,LUDB_136,500,LUDB
785,LUDB_137,500,LUDB
1242,LUDB_137,500,LUDB
1713,LUDB_137,500,LUDB
2191,LUDB_137,500,LUDB
2655,LUDB_137,500,LUDB
3112,LUDB_137,500,LUDB
3575,LUDB_137,500,LUDB
4052,LUDB_137,500,LUDB
4520,LUDB_137,500,LUDB
750,LUDB_138,500,LUDB
1224,LUDB_138,500,LUDB
1704,LUDB_138,500,LUDB
2178,LUDB_138,500,LUDB
2672,LUDB_138,500,LUDB
3166,LUDB_138,500,LUDB
3685,LUDB_138,500,LUDB
4201,LUDB_138,500,LUDB
612,LUDB_139,500,LUDB
1018,LUDB_139,500,LUDB
1446,LUDB_139,500,LUDB
1883,LUDB_139,500,LUDB
2308,LUDB_139,500,LUDB
2714,LUDB_139,500,LUDB
3107,LUDB_139,500,LUDB
3501,LUDB_139,500,LUDB
3897,LUDB_139,500,LUDB
4299,LUDB_139,500,LUDB
615,LUDB_140,500,LUDB
1001,LUDB_140,500,LUDB
1389,LUDB_140,500,LUDB
1776,LUDB_140,500,LUDB
2143,LUDB_140,500,LUDB
2511,LUDB_140,500,LUDB
2891,LUDB_140,500,LUDB
3285,LUDB_140,500,LUDB
3695,LUDB_140,500,LUDB
4089,LUDB_140,500,LUDB
4483,LUDB_140,500,LUDB
722,LUDB_141,500,LUDB
1201,LUDB_141,500,LUDB
1693,LUDB_141,500,LUDB
2184,LUDB_141,500,LUDB
2680,LUDB_141,500,LUDB
3163,LUDB_141,500,LUDB
3632,LUDB_141,500,LUDB
4120,LUDB_141,500,LUDB
534,LUDB_142,500,LUDB
927,LUDB_142,500,LUDB
1322,LUDB_142,500,LUDB
1740,LUDB_142,500,LUDB
2143,LUDB_142,500,LUDB
2535,LUDB_142,500,LUDB
2928,LUDB_142,500,LUDB
3336,LUDB_142,500,LUDB
3758,LUDB_142,500,LUDB
4198,LUDB_142,500,LUDB
461,LUDB_143,500,LUDB
799,LUDB_143,500,LUDB
1135,LUDB_143,500,LUDB
1469,LUDB_143,500,LUDB
1823,LUDB_143,500,LUDB
2191,LUDB_143,500,LUDB
2587,LUDB_143,500,LUDB
2967,LUDB_143,500,LUDB
3330,LUDB_143,500,LUDB
3691,LUDB_143,500,LUDB
4060,LUDB_143,500,LUDB
4435,LUDB_143,500,LUDB
615,LUDB_144,500,LUDB
1059,LUDB_144,500,LUDB
1526,LUDB_144,500,LUDB
2015,LUDB_144,500,LUDB
2468,LUDB_144,500,LUDB
2923,LUDB_144,500,LUDB
3386,LUDB_144,500,LUDB
3844,LUDB_144,500,LUDB
4309,LUDB_144,500,LUDB
672,LUDB_145,500,LUDB
1118,LUDB_145,500,LUDB
1554,LUDB_145,500,LUDB
2017,LUDB_145,500,LUDB
2498,LUDB_145,500,LUDB
2960,LUDB_145,500,LUDB
3404,LUDB_145,500,LUDB
3868,LUDB_145,500,LUDB
4328,LUDB_145,500,LUDB
606,LUDB_146,500,LUDB
1195,LUDB_146,500,LUDB
1756,LUDB_146,500,LUDB
2280,LUDB_146,500,LUDB
2792,LUDB_146,500,LUDB
3302,LUDB_146,500,LUDB
3773,LUDB_146,500,LUDB
4313,LUDB_146,500,LUDB
631,LUDB_147,500,LUDB
1135,LUDB_147,500,LUDB
1632,LUDB_147,500,LUDB
2137,LUDB_147,500,LUDB
2644,LUDB_147,500,LUDB
3145,LUDB_147,500,LUDB
3640,LUDB_147,500,LUDB
4142,LUDB_147,500,LUDB
598,LUDB_148,500,LUDB
1015,LUDB_148,500,LUDB
1449,LUDB_148,500,LUDB
1881,LUDB_148,500,LUDB
2369,LUDB_148,500,LUDB
2841,LUDB_148,500,LUDB
3294,LUDB_148,500,LUDB
3687,LUDB_148,500,LUDB
4054,LUDB_148,500,LUDB
4434,LUDB_148,500,LUDB
682,LUDB_149,500,LUDB
1116,LUDB_149,500,LUDB
1557,LUDB_149,500,LUDB
1998,LUDB_149,500,LUDB
2428,LUDB_149,500,LUDB
2847,LUDB_149,500,LUDB
3277,LUDB_149,500,LUDB
3722,LUDB_149,500,LUDB
4171,LUDB_149,500,LUDB
937,LUDB_150,500,LUDB
1426,LUDB_150,500,LUDB
1911,LUDB_150,500,LUDB
2394,LUDB_150,500,LUDB
2861,LUDB_150,500,LUDB
3343,LUDB_150,500,LUDB
3839,LUDB_150,500,LUDB
4332,LUDB_150,500,LUDB
596,LUDB_151,500,LUDB
991,LUDB_151,500,LUDB
1407,LUDB_151,500,LUDB
1815,LUDB_151,500,LUDB
2214,LUDB_151,500,LUDB
2612,LUDB_151,500,LUDB
3029,LUDB_151,500,LUDB
3448,LUDB_151,500,LUDB
3872,LUDB_151,500,LUDB
4278,LUDB_151,500,LUDB
578,LUDB_152,500,LUDB
1076,LUDB_152,500,LUDB
1531,LUDB_152,500,LUDB
1985,LUDB_152,500,LUDB
2434,LUDB_152,500,LUDB
2873,LUDB_152,500,LUDB
3295,LUDB_152,500,LUDB
3739,LUDB_152,500,LUDB
4225,LUDB_152,500,LUDB
760,LUDB_153,500,LUDB
1269,LUDB_153,500,LUDB
1804,LUDB_153,500,LUDB
2341,LUDB_153,500,LUDB
2871,LUDB_153,500,LUDB
3369,LUDB_153,500,LUDB
3862,LUDB_153,500,LUDB
4385,LUDB_153,500,LUDB
735,LUDB_154,500,LUDB
1168,LUDB_154,500,LUDB
1613,LUDB_154,500,LUDB
2056,LUDB_154,500,LUDB
2482,LUDB_154,500,LUDB
2901,LUDB_154,500,LUDB
3341,LUDB_154,500,LUDB
3779,LUDB_154,500,LUDB
4206,LUDB_154,500,LUDB
731,LUDB_155,500,LUDB
1235,LUDB_155,500,LUDB
1710,LUDB_155,500,LUDB
2189,LUDB_155,500,LUDB
2703,LUDB_155,500,LUDB
3199,LUDB_155,500,LUDB
3672,LUDB_155,500,LUDB
4171,LUDB_155,500,LUDB
799,LUDB_156,500,LUDB
1331,LUDB_156,500,LUDB
1833,LUDB_156,500,LUDB
2391,LUDB_156,500,LUDB
2909,LUDB_156,500,LUDB
3401,LUDB_156,500,LUDB
3973,LUDB_156,500,LUDB
922,LUDB_157,500,LUDB
1472,LUDB_157,500,LUDB
2005,LUDB_157,500,LUDB
2570,LUDB_157,500,LUDB
3107,LUDB_157,500,LUDB
3662,LUDB_157,500,LUDB
4227,LUDB_157,500,LUDB
676,LUDB_158,500,LUDB
1197,LUDB_158,500,LUDB
1718,LUDB_158,500,LUDB
2218,LUDB_158,500,LUDB
2658,LUDB_158,500,LUDB
3058,LUDB_158,500,LUDB
3453,LUDB_158,500,LUDB
3896,LUDB_158,500,LUDB
687,LUDB_159,500,LUDB
1130,LUDB_159,500,LUDB
1590,LUDB_159,500,LUDB
2036,LUDB_159,500,LUDB
2468,LUDB_159,500,LUDB
2918,LUDB_159,500,LUDB
3379,LUDB_159,500,LUDB
3830,LUDB_159,500,LUDB
4264,LUDB_159,500,LUDB
985,LUDB_160,500,LUDB
1688,LUDB_160,500,LUDB
2374,LUDB_160,500,LUDB
3013,LUDB_160,500,LUDB
3704,LUDB_160,500,LUDB
906,LUDB_161,500,LUDB
1355,LUDB_161,500,LUDB
1835,LUDB_161,500,LUDB
2326,LUDB_161,500,LUDB
2785,LUDB_161,500,LUDB
3218,LUDB_161,500,LUDB
3658,LUDB_161,500,LUDB
4164,LUDB_161,500,LUDB
592,LUDB_162,500,LUDB
1023,LUDB_162,500,LUDB
1444,LUDB_162,500,LUDB
1843,LUDB_162,500,LUDB
2224,LUDB_162,500,LUDB
2643,LUDB_162,500,LUDB
3081,LUDB_162,500,LUDB
3538,LUDB_162,500,LUDB
3979,LUDB_162,500,LUDB
4404,LUDB_162,500,LUDB
778,LUDB_163,500,LUDB
1184,LUDB_163,500,LUDB
1598,LUDB_163,500,LUDB
2017,LUDB_163,500,LUDB
2421,LUDB_163,500,LUDB
2790,LUDB_163,500,LUDB
3200,LUDB_163,500,LUDB
3599,LUDB_163,500,LUDB
3995,LUDB_163,500,LUDB
4365,LUDB_163,500,LUDB
559,LUDB_164,500,LUDB
1014,LUDB_164,500,LUDB
1461,LUDB_164,500,LUDB
1927,LUDB_164,500,LUDB
2385,LUDB_164,500,LUDB
2842,LUDB_164,500,LUDB
3280,LUDB_164,500,LUDB
3727,LUDB_164,500,LUDB
4192,LUDB_164,500,LUDB
848,LUDB_165,500,LUDB
1279,LUDB_165,500,LUDB
1707,LUDB_165,500,LUDB
2143,LUDB_165,500,LUDB
2565,LUDB_165,500,LUDB
2979,LUDB_165,500,LUDB
3398,LUDB_165,500,LUDB
3816,LUDB_165,500,LUDB
4236,LUDB_165,500,LUDB
847,LUDB_166,500,LUDB
1321,LUDB_166,500,LUDB
1771,LUDB_166,500,LUDB
2259,LUDB_166,500,LUDB
2715,LUDB_166,500,LUDB
3186,LUDB_166,500,LUDB
3681,LUDB_166,500,LUDB
4135,LUDB_166,500,LUDB
689,LUDB_167,500,LUDB
1086,LUDB_167,500,LUDB
1550,LUDB_167,500,LUDB
2007,LUDB_167,500,LUDB
2441,LUDB_167,500,LUDB
2921,LUDB_167,500,LUDB
3350,LUDB_167,500,LUDB
3802,LUDB_167,500,LUDB
4284,LUDB_167,500,LUDB
816,LUDB_168,500,LUDB
1335,LUDB_168,500,LUDB
1811,LUDB_168,500,LUDB
2294,LUDB_168,500,LUDB
2758,LUDB_168,500,LUDB
3188,LUDB_168,500,LUDB
3710,LUDB_168,500,LUDB
4217,LUDB_168,500,LUDB
945,LUDB_169,500,LUDB
1503,LUDB_169,500,LUDB
2064,LUDB_169,500,LUDB
2612,LUDB_169,500,LUDB
3176,LUDB_169,500,LUDB
3739,LUDB_169,500,LUDB
4285,LUDB_169,500,LUDB
663,LUDB_170,500,LUDB
1237,LUDB_170,500,LUDB
1787,LUDB_170,500,LUDB
2385,LUDB_170,500,LUDB
2967,LUDB_170,500,LUDB
3555,LUDB_170,500,LUDB
4122,LUDB_170,500,LUDB
743,LUDB_171,500,LUDB
1191,LUDB_171,500,LUDB
1635,LUDB_171,500,LUDB
2068,LUDB_171,500,LUDB
2522,LUDB_171,500,LUDB
2983,LUDB_171,500,LUDB
3432,LUDB_171,500,LUDB
3865,LUDB_171,500,LUDB
4306,LUDB_171,500,LUDB
746,LUDB_172,500,LUDB
1312,LUDB_172,500,LUDB
1873,LUDB_172,500,LUDB
2439,LUDB_172,500,LUDB
3015,LUDB_172,500,LUDB
3600,LUDB_172,500,LUDB
4172,LUDB_172,500,LUDB
470,LUDB_173,500,LUDB
834,LUDB_173,500,LUDB
1091,LUDB_173,500,LUDB
1478,LUDB_173,500,LUDB
1946,LUDB_173,500,LUDB
2328,LUDB_173,500,LUDB
2688,LUDB_173,500,LUDB
2893,LUDB_173,500,LUDB
3220,LUDB_173,500,LUDB
3497,LUDB_173,500,LUDB
3979,LUDB_173,500,LUDB
4512,LUDB_173,500,LUDB
537,LUDB_174,500,LUDB
1044,LUDB_174,500,LUDB
1546,LUDB_174,500,LUDB
2028,LUDB_174,500,LUDB
2502,LUDB_174,500,LUDB
3003,LUDB_174,500,LUDB
3527,LUDB_174,500,LUDB
4034,LUDB_174,500,LUDB
685,LUDB_175,500,LUDB
1140,LUDB_175,500,LUDB
1651,LUDB_175,500,LUDB
2136,LUDB_175,500,LUDB
2563,LUDB_175,500,LUDB
2943,LUDB_175,500,LUDB
3350,LUDB_175,500,LUDB
3809,LUDB_175,500,LUDB
4306,LUDB_175,500,LUDB
725,LUDB_176,500,LUDB
1210,LUDB_176,500,LUDB
1686,LUDB_176,500,LUDB
2156,LUDB_176,500,LUDB
2619,LUDB_176,500,LUDB
3101,LUDB_176,500,LUDB
3583,LUDB_176,500,LUDB
4059,LUDB_176,500,LUDB
533,LUDB_177,500,LUDB
937,LUDB_177,500,LUDB
1341,LUDB_177,500,LUDB
1746,LUDB_177,500,LUDB
2129,LUDB_177,500,LUDB
2506,LUDB_177,500,LUDB
2908,LUDB_177,500,LUDB
3315,LUDB_177,500,LUDB
3720,LUDB_177,500,LUDB
4101,LUDB_177,500,LUDB
4476,LUDB_177,500,LUDB
593,LUDB_178,500,LUDB
912,LUDB_178,500,LUDB
1227,LUDB_178,500,LUDB
1545,LUDB_178,500,LUDB
1874,LUDB_178,500,LUDB
2231,LUDB_178,500,LUDB
2624,LUDB_178,500,LUDB
3040,LUDB_178,500,LUDB
3446,LUDB_178,500,LUDB
3831,LUDB_178,500,LUDB
4217,LUDB_178,500,LUDB
4594,LUDB_178,500,LUDB
895,LUDB_179,500,LUDB
1368,LUDB_179,500,LUDB
1847,LUDB_179,500,LUDB
2327,LUDB_179,500,LUDB
2793,LUDB_179,500,LUDB
3246,LUDB_179,500,LUDB
3709,LUDB_179,500,LUDB
4180,LUDB_179,500,LUDB
653,LUDB_180,500,LUDB
1063,LUDB_180,500,LUDB
1457,LUDB_180,500,LUDB
1859,LUDB_180,500,LUDB
2271,LUDB_180,500,LUDB
2685,LUDB_180,500,LUDB
3120,LUDB_180,500,LUDB
3532,LUDB_180,500,LUDB
3938,LUDB_180,500,LUDB
4329,LUDB_180,500,LUDB
908,LUDB_181,500,LUDB
1384,LUDB_181,500,LUDB
1863,LUDB_181,500,LUDB
2331,LUDB_181,500,LUDB
2810,LUDB_181,500,LUDB
3300,LUDB_181,500,LUDB
3779,LUDB_181,500,LUDB
4253,LUDB_181,500,LUDB
548,LUDB_182,500,LUDB
896,LUDB_182,500,LUDB
1245,LUDB_182,500,LUDB
1587,LUDB_182,500,LUDB
1924,LUDB_182,500,LUDB
2272,LUDB_182,500,LUDB
2628,LUDB_182,500,LUDB
2989,LUDB_182,500,LUDB
3340,LUDB_182,500,LUDB
3685,LUDB_182,500,LUDB
4030,LUDB_182,500,LUDB
4369,LUDB_182,500,LUDB
562,LUDB_183,500,LUDB
952,LUDB_183,500,LUDB
1336,LUDB_183,500,LUDB
1726,LUDB_183,500,LUDB
2119,LUDB_183,500,LUDB
2490,LUDB_183,500,LUDB
2864,LUDB_183,500,LUDB
3244,LUDB_183,500,LUDB
3630,LUDB_183,500,LUDB
4007,LUDB_183,500,LUDB
4371,LUDB_183,500,LUDB
583,LUDB_184,500,LUDB
952,LUDB_184,500,LUDB
1295,LUDB_184,500,LUDB
1660,LUDB_184,500,LUDB
2215,LUDB_184,500,LUDB
2742,LUDB_184,500,LUDB
3179,LUDB_184,500,LUDB
3585,LUDB_184,500,LUDB
4082,LUDB_184,500,LUDB
569,LUDB_185,500,LUDB
886,LUDB_185,500,LUDB
1210,LUDB_185,500,LUDB
1536,LUDB_185,500,LUDB
1866,LUDB_185,500,LUDB
2191,LUDB_185,500,LUDB
2518,LUDB_185,500,LUDB
2841,LUDB_185,500,LUDB
3170,LUDB_185,500,LUDB
3501,LUDB_185,500,LUDB
3831,LUDB_185,500,LUDB
4157,LUDB_185,500,LUDB
4488,LUDB_185,500,LUDB
585,LUDB_186,500,LUDB
982,LUDB_186,500,LUDB
1367,LUDB_186,500,LUDB
1769,LUDB_186,500,LUDB
2190,LUDB_186,500,LUDB
2596,LUDB_186,500,LUDB
2999,LUDB_186,500,LUDB
3386,LUDB_186,500,LUDB
3755,LUDB_186,500,LUDB
4132,LUDB_186,500,LUDB
4546,LUDB_186,500,LUDB
822,LUDB_187,500,LUDB
1291,LUDB_187,500,LUDB
1763,LUDB_187,500,LUDB
2223,LUDB_187,500,LUDB
2653,LUDB_187,500,LUDB
3069,LUDB_187,500,LUDB
3500,LUDB_187,500,LUDB
3978,LUDB_187,500,LUDB
4478,LUDB_187,500,LUDB
423,LUDB_188,500,LUDB
744,LUDB_188,500,LUDB
1070,LUDB_188,500,LUDB
1391,LUDB_188,500,LUDB
1705,LUDB_188,500,LUDB
2024,LUDB_188,500,LUDB
2358,LUDB_188,500,LUDB
2722,LUDB_188,500,LUDB
3055,LUDB_188,500,LUDB
3386,LUDB_188,500,LUDB
3714,LUDB_188,500,LUDB
4052,LUDB_188,500,LUDB
4375,LUDB_188,500,LUDB
4689,LUDB_188,500,LUDB
699,LUDB_189,500,LUDB
1222,LUDB_189,500,LUDB
1795,LUDB_189,500,LUDB
2420,LUDB_189,500,LUDB
2968,LUDB_189,500,LUDB
3494,LUDB_189,500,LUDB
4059,LUDB_189,500,LUDB
4647,LUDB_189,500,LUDB
603,LUDB_190,500,LUDB
1043,LUDB_190,500,LUDB
1465,LUDB_190,500,LUDB
1872,LUDB_190,500,LUDB
2255,LUDB_190,500,LUDB
2623,LUDB_190,500,LUDB
2972,LUDB_190,500,LUDB
3299,LUDB_190,500,LUDB
3640,LUDB_190,500,LUDB
3985,LUDB_190,500,LUDB
4330,LUDB_190,500,LUDB
4651,LUDB_190,500,LUDB
842,LUDB_191,500,LUDB
1323,LUDB_191,500,LUDB
1810,LUDB_191,500,LUDB
2301,LUDB_191,500,LUDB
2778,LUDB_191,500,LUDB
3262,LUDB_191,500,LUDB
3752,LUDB_191,500,LUDB
4248,LUDB_191,500,LUDB
1034,LUDB_192,500,LUDB
1543,LUDB_192,500,LUDB
2047,LUDB_192,500,LUDB
2548,LUDB_192,500,LUDB
3036,LUDB_192,500,LUDB
3523,LUDB_192,500,LUDB
4008,LUDB_192,500,LUDB
4500,LUDB_192,500,LUDB
606,LUDB_193,500,LUDB
1085,LUDB_193,500,LUDB
1577,LUDB_193,500,LUDB
2064,LUDB_193,500,LUDB
2535,LUDB_193,500,LUDB
3004,LUDB_193,500,LUDB
3479,LUDB_193,500,LUDB
3963,LUDB_193,500,LUDB
4424,LUDB_193,500,LUDB
639,LUDB_194,500,LUDB
1162,LUDB_194,500,LUDB
1697,LUDB_194,500,LUDB
2199,LUDB_194,500,LUDB
2712,LUDB_194,500,LUDB
3243,LUDB_194,500,LUDB
3742,LUDB_194,500,LUDB
4230,LUDB_194,500,LUDB
611,LUDB_195,500,LUDB
1058,LUDB_195,500,LUDB
1469,LUDB_195,500,LUDB
1894,LUDB_195,500,LUDB
2357,LUDB_195,500,LUDB
2823,LUDB_195,500,LUDB
3292,LUDB_195,500,LUDB
3742,LUDB_195,500,LUDB
4142,LUDB_195,500,LUDB
725,LUDB_196,500,LUDB
1121,LUDB_196,500,LUDB
1506,LUDB_196,500,LUDB
1906,LUDB_196,500,LUDB
2306,LUDB_196,500,LUDB
2694,LUDB_196,500,LUDB
3081,LUDB_196,500,LUDB
3485,LUDB_196,500,LUDB
3894,LUDB_196,500,LUDB
4307,LUDB_196,500,LUDB
545,LUDB_197,500,LUDB
882,LUDB_197,500,LUDB
1221,LUDB_197,500,LUDB
1590,LUDB_197,500,LUDB
1957,LUDB_197,500,LUDB
2332,LUDB_197,500,LUDB
2700,LUDB_197,500,LUDB
3092,LUDB_197,500,LUDB
3516,LUDB_197,500,LUDB
3959,LUDB_197,500,LUDB
4346,LUDB_197,500,LUDB
684,LUDB_198,500,LUDB
1175,LUDB_198,500,LUDB
1672,LUDB_198,500,LUDB
2171,LUDB_198,500,LUDB
2658,LUDB_198,500,LUDB
3155,LUDB_198,500,LUDB
3663,LUDB_198,500,LUDB
4169,LUDB_198,500,LUDB
530,LUDB_199,500,LUDB
1068,LUDB_199,500,LUDB
1559,LUDB_199,500,LUDB
2062,LUDB_199,500,LUDB
2526,LUDB_199,500,LUDB
3089,LUDB_199,500,LUDB
3657,LUDB_199,500,LUDB
4184,LUDB_199,500,LUDB
529,LUDB_200,500,LUDB
1014,LUDB_200,500,LUDB
1493,LUDB_200,500,LUDB
1959,LUDB_200,500,LUDB
2432,LUDB_200,500,LUDB
2907,LUDB_200,500,LUDB
3381,LUDB_200,500,LUDB
3859,LUDB_200,500,LUDB
4341,LUDB_200,500,LUDB
